id,date,command,name,status
1166,2022-05-24,0.1,anonym,OK
1167,2022-05-24,-0.5,anonym,OK
1168,2022-05-24,0.1,anonym,OK
1169,2022-05-24,-0.5,anonym,OK
1170,2022-05-24,michaela,anonym,"syntax error"
1171,2022-05-24,-0.5,anonym,OK
1172,2022-05-24,-0.5,Michaela,OK
1173,2022-05-24,"m1 = 2500; m2 = 320; k1 = 80000; k2 = 500000; b1 = 350; b2 = 15020; A=[0 1 0 0;-(b1*b2)/(m1*m2) 0 ((b1/m1)*((b1/m1)+(b1/m2)+(b2/m2)))-(k1/m1) -(b1/m1);b2/m2 0 -((b1/m1)+(b1/m2)+(b2/m2)) 1;k2/m2 0 -((k1/m1)+(k1/m2)+(k2/m2)) 0]; B=[0 0;1/m1 (b1*b2)/(m1*m2);0 -(b2/m2);(1/m1)+(1/m2) -(k2/m2)]; C=[0 0 1 0]; D=[0 0]; Aa = [[A,[0 0 0 0]'];[C, 0]]; Ba = [B;[0 0]]; Ca = [C,0]; Da = D; K = [0 2.3e6 5e8 0 8e6]; sys = ss(Aa-Ba(:,1)*K,Ba,Ca,Da);  t = 0:0.01:5; r =0.1; initX1=0; initX1d=0; initX2=0; initX2d=0; [y,t,x]=lsim(sys*[0;1],r*ones(size(t)),t,[initX1;initX1d;initX2;initX2d;0])",anonym,OK
1174,2022-05-24,0.1,anonym,OK
1175,2022-05-24,0.1,anonym,OK
1176,2022-05-24,0.1,anonym,OK
1177,2022-05-24,-0.1,anonym,OK
1178,2022-05-24,-0.2,anonym,OK
1179,2022-05-24,-0.5,anonym,OK
1180,2022-05-24,-0.1,anonym,OK
1181,2022-05-24,0.5,anonym,OK
1182,2022-05-24,-0.5,anonym,OK
1183,2022-05-24,0.1,anonym,OK
1184,2022-05-24,0.1,anonym,OK
1185,2022-05-24,0.1,anonym,OK
1186,2022-05-24,0.1,anonym,OK
1187,2022-05-24,"0,1",branko,OK
1188,2022-05-24,0.1,branko,OK
1189,2022-05-24,0.1,branko,OK
1190,2022-05-24,0.2,branko,OK
1191,2022-05-24,0.1,branko,OK
1192,2022-05-24,0.2,branko,OK
1193,2022-05-24,0.1,branko,OK
1194,2022-05-24,0.1,anonym,OK
1195,2022-05-24,0.1,anonym,OK
1196,2022-05-24,0.1,anonym,OK
1197,2022-05-24,0.1,branko,OK
1198,2022-05-24,0.3,branko,OK
1199,2022-05-24,0.1,anonym,OK
1200,2022-05-24,0.1,anonym,OK
1201,2022-05-24,0.1,anonym,OK
1202,2022-05-24,0.1,branko,OK
1203,2022-05-24,0.1,anonym,OK
1204,2022-05-24,0.1,branko,OK
1205,2022-05-24,0.1,anonym,OK
1206,2022-05-24,0.1,bra,OK
1207,2022-05-24,0.1,anonym,OK
1208,2022-05-24,0.1,bbb,OK
1209,2022-05-24,0.1,anonym,OK
1210,2022-05-24,0.1,vvvv,OK
1211,2022-05-24,0.1,dddd,OK
1212,2022-05-24,0.1,anonym,OK
1213,2022-05-24,0.1,anonym,OK
1214,2022-05-24,0.1,anonym,OK
1215,2022-05-24,0.1,anonym,OK
1216,2022-05-24,0.1,anonym,OK
1217,2022-05-24,0.1,anonym,OK
1218,2022-05-24,0.1,anonym,OK
1219,2022-05-24,0.1,anonym,OK
1220,2022-05-24,0.1,anonym,OK
1221,2022-05-24,0.1,anonym,OK
1222,2022-05-24,0.1,anonym,OK
1223,2022-05-24,0.1,anonym,OK
1224,2022-05-24,0.1,anonym,OK
1225,2022-05-24,0.1,anonym,OK
1226,2022-05-24,0.1,anonym,OK
1227,2022-05-24,0.1,anonym,OK
1228,2022-05-24,0.1,anonym,OK
1229,2022-05-24,0.1,anonym,OK
1230,2022-05-24,0.1,anonym,OK
1231,2022-05-24,0.1,anonym,OK
1232,2022-05-24,0.1,anonym,OK
1233,2022-05-24,0.1,anonym,OK
1234,2022-05-24,0.1,anonym,OK
1235,2022-05-24,0.1,anonym,OK
1236,2022-05-24,0.1,anonym,OK
1237,2022-05-24,0.1,anonym,OK
1238,2022-05-24,0.1,anonym,OK
1239,2022-05-24,0.1,anonym,OK
1240,2022-05-24,0.1,anonym,OK
1241,2022-05-24,0.1,anonym,OK
1242,2022-05-24,0.1,anonym,OK
1243,2022-05-24,0.1,anonym,OK
1244,2022-05-24,0.1,anonym,OK
1245,2022-05-24,0.1,anonym,OK
1246,2022-05-24,0.1,anonym,OK
1247,2022-05-24,0.1,anonym,OK
1248,2022-05-24,0.1,anonym,OK
1249,2022-05-24,0.1,anonym,OK
1250,2022-05-24,0.1,anonym,OK
1251,2022-05-24,0.1,anonym,OK
1252,2022-05-24,0.1,anonym,OK
1253,2022-05-24,0.1,anonym,OK
1254,2022-05-24,0.1,anonym,OK
1255,2022-05-24,0.1,anonym,OK
1256,2022-05-24,0.1,anonym,OK
1257,2022-05-24,0.1,anonym,OK
1258,2022-05-24,0.1,anonym,OK
1259,2022-05-24,0.1,anonym,OK
1260,2022-05-24,0.1,anonym,OK
1261,2022-05-24,0.1,anonym,OK
1262,2022-05-24,0.1,anonym,OK
1263,2022-05-24,0.1,anonym,OK
1264,2022-05-24,0.1,anonym,OK
1265,2022-05-24,0.1,anonym,OK
1266,2022-05-24,0.1,anonym,OK
1267,2022-05-24,0.1,anonym,OK
1268,2022-05-24,0.1,anonym,OK
1269,2022-05-24,0.1,anonym,OK
1270,2022-05-24,0.1,anonym,OK
1271,2022-05-24,0.1,anonym,OK
1272,2022-05-24,0.1,anonym,OK
1273,2022-05-24,0.1,anonym,OK
1274,2022-05-24,0.1,anonym,OK
1275,2022-05-24,0.1,anonym,OK
1276,2022-05-24,0.1,anonym,OK
1277,2022-05-24,0.1,anonym,OK
1278,2022-05-24,0.1,anonym,OK
1279,2022-05-24,0.1,anonym,OK
1280,2022-05-24,0.1,anonym,OK
1281,2022-05-24,0.1,anonym,OK
1282,2022-05-24,0.1,anonym,OK
1283,2022-05-24,0.1,anonym,OK
1284,2022-05-24,0.1,anonym,OK
1285,2022-05-24,0.1,anonym,OK
1286,2022-05-24,0.1,anonym,OK
1287,2022-05-24,0.1,anonym,OK
1288,2022-05-24,0.1,anonym,OK
1289,2022-05-24,0.1,anonym,OK
1290,2022-05-24,0.1,anonym,OK
1291,2022-05-24,0.1,anonym,OK
1292,2022-05-24,0.1,anonym,OK
1293,2022-05-24,0.1,anonym,OK
1294,2022-05-24,0.1,anonym,OK
1295,2022-05-24,0.1,anonym,OK
1296,2022-05-24,0.1,anonym,OK
1297,2022-05-24,0.1,anonym,OK
1298,2022-05-24,0.1,anonym,OK
1299,2022-05-24,0.1,anonym,OK
1300,2022-05-24,0.1,anonym,OK
1301,2022-05-24,0.1,anonym,OK
1302,2022-05-24,0.1,anonym,OK
1303,2022-05-24,0.1,anonym,OK
1304,2022-05-24,0.1,anonym,OK
1305,2022-05-24,0.1,anonym,OK
1306,2022-05-24,0.1,anonym,OK
1307,2022-05-24,0.1,anonym,OK
1308,2022-05-24,0.1,anonym,OK
1309,2022-05-24,0.1,anonym,OK
1310,2022-05-24,0.1,anonym,OK
1311,2022-05-24,0.1,anonym,OK
1312,2022-05-24,0.1,anonym,OK
1313,2022-05-24,0.1,anonym,OK
1314,2022-05-24,0.1,anonym,OK
1315,2022-05-24,0.1,anonym,OK
1316,2022-05-24,0.1,anonym,OK
1317,2022-05-24,0.1,anonym,OK
1318,2022-05-24,0.1,anonym,OK
1319,2022-05-24,0.1,anonym,OK
1320,2022-05-24,0.1,anonym,OK
1321,2022-05-24,0.1,anonym,OK
1322,2022-05-24,0.1,anonym,OK
1323,2022-05-24,0.1,anonym,OK
1324,2022-05-24,0.1,anonym,OK
1325,2022-05-24,0.1,anonym,OK
1326,2022-05-24,0.1,anonym,OK
1327,2022-05-24,0.1,anonym,OK
1328,2022-05-24,0.1,anonym,OK
1329,2022-05-24,0.1,anonym,OK
1330,2022-05-24,0.1,anonym,OK
1331,2022-05-24,0.1,anonym,OK
1332,2022-05-24,0.1,anonym,OK
1333,2022-05-24,0.1,anonym,OK
1334,2022-05-24,0.1,anonym,OK
1335,2022-05-24,0.1,anonym,OK
1336,2022-05-24,0.1,anonym,OK
1337,2022-05-24,0.1,anonym,OK
1338,2022-05-24,0.1,anonym,OK
1339,2022-05-24,0.1,anonym,OK
1340,2022-05-24,0.1,anonym,OK
1341,2022-05-24,0.1,anonym,OK
1342,2022-05-24,0.1,anonym,OK
1343,2022-05-24,0.1,anonym,OK
1344,2022-05-24,0.1,anonym,OK
1345,2022-05-24,0.1,anonym,OK
1346,2022-05-24,0.1,anonym,OK
1347,2022-05-24,0.1,anonym,OK
1348,2022-05-24,0.1,anonym,OK
1349,2022-05-24,0.1,anonym,OK
1350,2022-05-24,0.1,anonym,OK
1351,2022-05-24,0.1,anonym,OK
1352,2022-05-24,0.1,anonym,OK
1353,2022-05-24,0.1,anonym,OK
1354,2022-05-24,0.1,anonym,OK
1355,2022-05-24,0.1,anonym,OK
1356,2022-05-24,0.1,anonym,OK
1357,2022-05-24,0.1,anonym,OK
1358,2022-05-24,0.1,anonym,OK
1359,2022-05-24,0.1,anonym,OK
1360,2022-05-24,0.1,anonym,OK
1361,2022-05-24,0.1,anonym,OK
1362,2022-05-24,0.1,anonym,OK
1363,2022-05-24,0.1,anonym,OK
1364,2022-05-24,0.1,anonym,OK
1365,2022-05-24,0.1,anonym,OK
1366,2022-05-24,0.1,anonym,OK
1367,2022-05-24,0.1,anonym,OK
1368,2022-05-24,0.1,anonym,OK
1369,2022-05-24,0.1,anonym,OK
1370,2022-05-24,0.1,anonym,OK
1371,2022-05-24,0.1,anonym,OK
1372,2022-05-24,0.1,anonym,OK
1373,2022-05-24,0.1,anonym,OK
1374,2022-05-24,0.1,anonym,OK
1375,2022-05-24,0.1,anonym,OK
1376,2022-05-24,0.1,anonym,OK
1377,2022-05-24,0.1,anonym,OK
1378,2022-05-24,0.1,anonym,OK
1379,2022-05-24,0.1,anonym,OK
1380,2022-05-24,0.1,anonym,OK
1381,2022-05-24,0.1,anonym,OK
1382,2022-05-24,0.1,anonym,OK
1383,2022-05-24,0.1,anonym,OK
1384,2022-05-24,0.1,anonym,OK
1385,2022-05-24,0.1,anonym,OK
1386,2022-05-24,0.1,anonym,OK
1387,2022-05-24,0.1,anonym,OK
1388,2022-05-24,0.1,anonym,OK
1389,2022-05-24,0.1,anonym,OK
1390,2022-05-24,0.1,anonym,OK
1391,2022-05-24,0.1,anonym,OK
1392,2022-05-24,0.1,anonym,OK
1393,2022-05-24,0.1,anonym,OK
1394,2022-05-24,0.1,anonym,OK
1395,2022-05-24,0.1,anonym,OK
1396,2022-05-24,0.1,anonym,OK
1397,2022-05-24,0.1,anonym,OK
1398,2022-05-24,0.1,anonym,OK
1399,2022-05-24,0.1,anonym,OK
1400,2022-05-24,0.1,anonym,OK
1401,2022-05-24,0.1,anonym,OK
1402,2022-05-24,0.1,anonym,OK
1403,2022-05-24,0.1,anonym,OK
1404,2022-05-24,0.1,anonym,OK
1405,2022-05-24,0.1,anonym,OK
1406,2022-05-24,0.1,anonym,OK
1407,2022-05-24,0.1,anonym,OK
1408,2022-05-24,0.1,anonym,OK
1409,2022-05-24,0.1,anonym,OK
1410,2022-05-24,0.1,anonym,OK
1411,2022-05-24,0.1,anonym,OK
1412,2022-05-24,0.1,anonym,OK
1413,2022-05-24,0.1,anonym,OK
1414,2022-05-24,0.1,anonym,OK
1415,2022-05-24,0.1,anonym,OK
1416,2022-05-24,0.1,anonym,OK
1417,2022-05-24,0.1,anonym,OK
1418,2022-05-24,0.1,anonym,OK
1419,2022-05-24,0.1,anonym,OK
1420,2022-05-24,0.1,anonym,OK
1421,2022-05-24,0.1,anonym,OK
1422,2022-05-24,0.1,anonym,OK
1423,2022-05-24,0.1,anonym,OK
1424,2022-05-24,0.1,anonym,OK
1425,2022-05-24,0.1,anonym,OK
1426,2022-05-24,0.1,anonym,OK
1427,2022-05-24,0.1,anonym,OK
1428,2022-05-24,0.1,anonym,OK
1429,2022-05-24,0.1,anonym,OK
1430,2022-05-24,0.1,anonym,OK
1431,2022-05-24,0.1,anonym,OK
1432,2022-05-24,0.1,anonym,OK
1433,2022-05-24,0.1,anonym,OK
1434,2022-05-24,0.1,anonym,OK
1435,2022-05-24,0.1,anonym,OK
1436,2022-05-24,0.1,anonym,OK
1437,2022-05-24,0.1,anonym,OK
1438,2022-05-24,0.1,anonym,OK
1439,2022-05-24,0.1,anonym,OK
1440,2022-05-24,0.1,anonym,OK
1441,2022-05-24,0.1,anonym,OK
1442,2022-05-24,0.1,anonym,OK
1443,2022-05-24,0.1,anonym,OK
1444,2022-05-24,0.1,anonym,OK
1445,2022-05-24,0.1,anonym,OK
1446,2022-05-24,0.1,anonym,OK
1447,2022-05-24,0.1,anonym,OK
1448,2022-05-24,0.1,anonym,OK
1449,2022-05-24,0.1,anonym,OK
1450,2022-05-24,0.1,anonym,OK
1451,2022-05-24,0.1,anonym,OK
1452,2022-05-24,0.1,anonym,OK
1453,2022-05-24,0.1,anonym,OK
1454,2022-05-24,0.1,anonym,OK
1455,2022-05-24,0.1,anonym,OK
1456,2022-05-24,0.1,anonym,OK
1457,2022-05-24,0.1,anonym,OK
1458,2022-05-24,0.1,anonym,OK
1459,2022-05-24,0.1,anonym,OK
1460,2022-05-24,0.1,anonym,OK
1461,2022-05-24,0.1,anonym,OK
1462,2022-05-24,0.1,anonym,OK
1463,2022-05-24,0.1,anonym,OK
1464,2022-05-24,0.1,anonym,OK
1465,2022-05-24,0.1,anonym,OK
1466,2022-05-24,0.1,anonym,OK
1467,2022-05-24,0.1,anonym,OK
1468,2022-05-24,0.1,anonym,OK
1469,2022-05-24,0.1,anonym,OK
1470,2022-05-24,0.1,anonym,OK
1471,2022-05-24,0.1,anonym,OK
1472,2022-05-24,0.1,anonym,OK
1473,2022-05-24,0.1,anonym,OK
1474,2022-05-24,0.1,anonym,OK
1475,2022-05-24,0.1,anonym,OK
1476,2022-05-24,0.1,anonym,OK
1477,2022-05-24,0.1,anonym,OK
1478,2022-05-24,0.1,anonym,OK
1479,2022-05-24,0.1,anonym,OK
1480,2022-05-24,0.1,anonym,OK
1481,2022-05-24,0.1,anonym,OK
1482,2022-05-24,0.1,anonym,OK
1483,2022-05-24,0.1,anonym,OK
1484,2022-05-24,0.1,anonym,OK
1485,2022-05-24,0.1,anonym,OK
1486,2022-05-24,0.1,anonym,OK
1487,2022-05-24,0.1,anonym,OK
1488,2022-05-24,0.1,anonym,OK
1489,2022-05-24,0.1,anonym,OK
1490,2022-05-24,0.1,anonym,OK
1491,2022-05-24,0.1,anonym,OK
1492,2022-05-24,0.1,anonym,OK
1493,2022-05-24,0.1,anonym,OK
1494,2022-05-24,0.1,anonym,OK
1495,2022-05-24,0.1,anonym,OK
1496,2022-05-24,0.1,anonym,OK
1497,2022-05-24,0.1,anonym,OK
1498,2022-05-24,0.1,anonym,OK
1499,2022-05-24,0.1,anonym,OK
1500,2022-05-24,0.1,anonym,OK
1501,2022-05-24,0.1,anonym,OK
1502,2022-05-24,0.1,anonym,OK
1503,2022-05-24,0.1,anonym,OK
1504,2022-05-24,0.1,anonym,OK
1505,2022-05-24,0.1,anonym,OK
1506,2022-05-24,0.1,anonym,OK
1507,2022-05-24,0.1,anonym,OK
1508,2022-05-24,0.1,anonym,OK
1509,2022-05-24,0.1,anonym,OK
1510,2022-05-24,0.1,anonym,OK
1511,2022-05-24,0.1,anonym,OK
1512,2022-05-24,0.1,anonym,OK
1513,2022-05-24,0.1,anonym,OK
1514,2022-05-24,0.1,anonym,OK
1515,2022-05-24,0.1,anonym,OK
1516,2022-05-24,0.1,anonym,OK
1517,2022-05-24,0.1,anonym,OK
1518,2022-05-24,0.1,anonym,OK
1519,2022-05-24,0.1,anonym,OK
1520,2022-05-24,0.1,anonym,OK
1521,2022-05-24,0.1,anonym,OK
1522,2022-05-24,0.1,anonym,OK
1523,2022-05-24,0.1,anonym,OK
1524,2022-05-24,0.1,anonym,OK
1525,2022-05-24,0.1,anonym,OK
1526,2022-05-24,0.1,anonym,OK
1527,2022-05-24,0.1,anonym,OK
1528,2022-05-24,0.1,anonym,OK
1529,2022-05-24,0.1,anonym,OK
1530,2022-05-24,0.1,anonym,OK
1531,2022-05-24,0.1,anonym,OK
1532,2022-05-24,0.1,anonym,OK
1533,2022-05-24,0.1,anonym,OK
1534,2022-05-24,0.1,anonym,OK
1535,2022-05-24,0.1,anonym,OK
1536,2022-05-24,0.1,anonym,OK
1537,2022-05-24,0.1,anonym,OK
1538,2022-05-24,0.1,anonym,OK
1539,2022-05-24,0.1,anonym,OK
1540,2022-05-24,0.1,anonym,OK
1541,2022-05-24,0.1,anonym,OK
1542,2022-05-24,0.1,anonym,OK
1543,2022-05-24,0.1,anonym,OK
1544,2022-05-24,0.1,anonym,OK
1545,2022-05-24,0.1,anonym,OK
1546,2022-05-24,0.1,anonym,OK
1547,2022-05-24,0.1,anonym,OK
1548,2022-05-24,0.1,anonym,OK
1549,2022-05-24,0.1,anonym,OK
1550,2022-05-24,0.1,anonym,OK
1551,2022-05-24,0.1,anonym,OK
1552,2022-05-24,0.1,anonym,OK
1553,2022-05-24,0.1,anonym,OK
1554,2022-05-24,0.1,anonym,OK
1555,2022-05-24,0.1,anonym,OK
1556,2022-05-24,0.1,anonym,OK
1557,2022-05-24,0.1,anonym,OK
1558,2022-05-24,0.1,anonym,OK
1559,2022-05-24,0.1,anonym,OK
1560,2022-05-24,0.1,anonym,OK
1561,2022-05-24,0.1,anonym,OK
1562,2022-05-24,0.1,anonym,OK
1563,2022-05-24,0.1,anonym,OK
1564,2022-05-24,0.1,anonym,OK
1565,2022-05-24,0.1,anonym,OK
1566,2022-05-24,0.1,anonym,OK
1567,2022-05-24,0.1,anonym,OK
1568,2022-05-24,0.1,anonym,OK
1569,2022-05-24,0.1,anonym,OK
1570,2022-05-24,0.1,anonym,OK
1571,2022-05-24,0.1,anonym,OK
1572,2022-05-24,0.1,anonym,OK
1573,2022-05-24,0.1,anonym,OK
1574,2022-05-24,0.1,anonym,OK
1575,2022-05-24,0.1,anonym,OK
1576,2022-05-24,0.1,anonym,OK
1577,2022-05-24,0.1,anonym,OK
1578,2022-05-24,0.1,anonym,OK
1579,2022-05-24,0.1,anonym,OK
1580,2022-05-24,0.1,anonym,OK
1581,2022-05-24,0.1,anonym,OK
1582,2022-05-24,0.1,anonym,OK
1583,2022-05-24,0.1,anonym,OK
1584,2022-05-24,0.1,anonym,OK
1585,2022-05-24,0.1,anonym,OK
1586,2022-05-24,0.1,anonym,OK
1587,2022-05-24,0.1,anonym,OK
1588,2022-05-24,0.1,anonym,OK
1589,2022-05-24,0.1,anonym,OK
1590,2022-05-24,0.1,anonym,OK
1591,2022-05-24,0.1,anonym,OK
1592,2022-05-24,0.1,anonym,OK
1593,2022-05-24,0.1,anonym,OK
1594,2022-05-24,0.1,anonym,OK
1595,2022-05-24,0.1,anonym,OK
1596,2022-05-24,0.1,anonym,OK
1597,2022-05-24,0.1,anonym,OK
1598,2022-05-24,0.1,anonym,OK
1599,2022-05-24,0.1,anonym,OK
1600,2022-05-24,0.1,anonym,OK
1601,2022-05-24,0.1,anonym,OK
1602,2022-05-24,0.1,anonym,OK
1603,2022-05-24,0.1,anonym,OK
1604,2022-05-24,0.1,anonym,OK
1605,2022-05-24,0.1,anonym,OK
1606,2022-05-24,0.1,anonym,OK
1607,2022-05-24,0.1,anonym,OK
1608,2022-05-24,0.1,anonym,OK
1609,2022-05-24,0.1,anonym,OK
1610,2022-05-24,0.1,anonym,OK
1611,2022-05-24,0.1,anonym,OK
1612,2022-05-24,0.1,anonym,OK
1613,2022-05-24,0.1,anonym,OK
1614,2022-05-24,0.1,anonym,OK
1615,2022-05-24,0.1,anonym,OK
1616,2022-05-24,0.1,anonym,OK
1617,2022-05-24,0.1,anonym,OK
1618,2022-05-24,0.1,anonym,OK
1619,2022-05-24,0.1,anonym,OK
1620,2022-05-24,0.1,anonym,OK
1621,2022-05-24,0.1,anonym,OK
1622,2022-05-24,0.1,anonym,OK
1623,2022-05-24,0.1,anonym,OK
1624,2022-05-24,0.1,anonym,OK
1625,2022-05-24,0.1,anonym,OK
1626,2022-05-24,0.1,anonym,OK
1627,2022-05-24,0.1,anonym,OK
1628,2022-05-24,0.1,anonym,OK
1629,2022-05-24,0.1,anonym,OK
1630,2022-05-24,0.1,anonym,OK
1631,2022-05-24,0.1,anonym,OK
1632,2022-05-24,0.1,anonym,OK
1633,2022-05-24,0.1,anonym,OK
1634,2022-05-24,0.1,anonym,OK
1635,2022-05-24,0.1,anonym,OK
1636,2022-05-24,0.1,anonym,OK
1637,2022-05-24,0.1,anonym,OK
1638,2022-05-24,0.1,anonym,OK
1639,2022-05-24,0.1,anonym,OK
1640,2022-05-24,0.1,anonym,OK
1641,2022-05-24,0.1,anonym,OK
1642,2022-05-24,0.1,anonym,OK
1643,2022-05-24,0.1,anonym,OK
1644,2022-05-24,0.1,anonym,OK
1645,2022-05-24,0.1,anonym,OK
1646,2022-05-24,0.1,anonym,OK
1647,2022-05-24,0.1,anonym,OK
1648,2022-05-24,0.1,anonym,OK
1649,2022-05-24,0.1,anonym,OK
1650,2022-05-24,0.1,anonym,OK
1651,2022-05-24,0.1,anonym,OK
1652,2022-05-24,0.1,anonym,OK
1653,2022-05-24,0.1,anonym,OK
1654,2022-05-24,0.1,anonym,OK
1655,2022-05-24,0.1,anonym,OK
1656,2022-05-24,0.1,anonym,OK
1657,2022-05-24,0.1,anonym,OK
1658,2022-05-24,0.1,anonym,OK
1659,2022-05-24,0.1,anonym,OK
1660,2022-05-24,0.1,anonym,OK
1661,2022-05-24,0.1,anonym,OK
1662,2022-05-24,0.1,anonym,OK
1663,2022-05-24,0.1,anonym,OK
1664,2022-05-24,0.1,anonym,OK
1665,2022-05-24,0.1,anonym,OK
1666,2022-05-24,0.1,anonym,OK
1667,2022-05-24,0.1,anonym,OK
1668,2022-05-24,0.1,anonym,OK
1669,2022-05-24,0.1,anonym,OK
1670,2022-05-24,0.1,anonym,OK
1671,2022-05-24,0.1,anonym,OK
1672,2022-05-24,0.1,anonym,OK
1673,2022-05-24,0.1,anonym,OK
1674,2022-05-24,0.1,anonym,OK
1675,2022-05-24,0.1,anonym,OK
1676,2022-05-24,0.1,anonym,OK
1677,2022-05-24,0.1,anonym,OK
1678,2022-05-24,0.1,anonym,OK
1679,2022-05-24,0.1,anonym,OK
1680,2022-05-24,0.1,anonym,OK
1681,2022-05-24,0.1,anonym,OK
1682,2022-05-24,0.1,anonym,OK
1683,2022-05-24,0.1,anonym,OK
1684,2022-05-24,0.1,anonym,OK
1685,2022-05-24,0.1,anonym,OK
1686,2022-05-24,0.1,anonym,OK
1687,2022-05-24,0.1,anonym,OK
1688,2022-05-24,0.1,anonym,OK
1689,2022-05-24,0.1,anonym,OK
1690,2022-05-24,0.1,anonym,OK
1691,2022-05-24,0.1,anonym,OK
1692,2022-05-24,0.1,anonym,OK
1693,2022-05-24,0.1,anonym,OK
1694,2022-05-24,0.1,anonym,OK
1695,2022-05-24,0.1,anonym,OK
1696,2022-05-24,0.1,anonym,OK
1697,2022-05-24,0.1,anonym,OK
1698,2022-05-24,0.1,anonym,OK
1699,2022-05-24,0.1,anonym,OK
1700,2022-05-24,0.1,anonym,OK
1701,2022-05-24,0.1,anonym,OK
1702,2022-05-24,0.1,anonym,OK
1703,2022-05-24,0.1,anonym,OK
1704,2022-05-24,0.1,anonym,OK
1705,2022-05-24,0.1,anonym,OK
1706,2022-05-24,0.1,anonym,OK
1707,2022-05-24,0.1,anonym,OK
1708,2022-05-24,0.1,anonym,OK
1709,2022-05-24,0.1,anonym,OK
1710,2022-05-24,0.1,anonym,OK
1711,2022-05-24,0.1,anonym,OK
1712,2022-05-24,0.1,anonym,OK
1713,2022-05-24,0.1,anonym,OK
1714,2022-05-24,0.1,anonym,OK
1715,2022-05-24,0.1,anonym,OK
1716,2022-05-24,0.1,anonym,OK
1717,2022-05-24,0.1,anonym,OK
1718,2022-05-24,0.1,anonym,OK
1719,2022-05-24,0.1,anonym,OK
1720,2022-05-24,0.1,anonym,OK
1721,2022-05-24,0.1,anonym,OK
1722,2022-05-24,0.1,anonym,OK
1723,2022-05-24,0.1,anonym,OK
1724,2022-05-24,0.1,anonym,OK
1725,2022-05-24,0.1,anonym,OK
1726,2022-05-24,0.1,anonym,OK
1727,2022-05-24,0.1,anonym,OK
1728,2022-05-24,0.1,anonym,OK
1729,2022-05-24,0.1,anonym,OK
1730,2022-05-24,0.1,anonym,OK
1731,2022-05-24,0.1,anonym,OK
1732,2022-05-24,0.1,anonym,OK
1733,2022-05-24,0.1,anonym,OK
1734,2022-05-24,0.1,anonym,OK
1735,2022-05-24,0.1,anonym,OK
1736,2022-05-24,0.1,anonym,OK
1737,2022-05-24,0.1,anonym,OK
1738,2022-05-24,0.1,anonym,OK
1739,2022-05-24,0.1,anonym,OK
1740,2022-05-24,0.1,anonym,OK
1741,2022-05-24,0.1,anonym,OK
1742,2022-05-24,0.1,anonym,OK
1743,2022-05-24,0.1,anonym,OK
1744,2022-05-24,0.1,anonym,OK
1745,2022-05-24,0.1,anonym,OK
1746,2022-05-24,0.1,anonym,OK
1747,2022-05-24,0.1,anonym,OK
1748,2022-05-24,0.1,anonym,OK
1749,2022-05-24,0.1,anonym,OK
1750,2022-05-24,0.1,anonym,OK
1751,2022-05-24,0.1,anonym,OK
1752,2022-05-24,0.1,anonym,OK
1753,2022-05-24,0.1,anonym,OK
1754,2022-05-24,0.1,anonym,OK
1755,2022-05-24,0.1,anonym,OK
1756,2022-05-24,0.1,anonym,OK
1757,2022-05-24,0.1,anonym,OK
1758,2022-05-24,0.1,anonym,OK
1759,2022-05-24,0.1,anonym,OK
1760,2022-05-24,0.1,anonym,OK
1761,2022-05-24,0.1,anonym,OK
1762,2022-05-24,0.1,anonym,OK
1763,2022-05-24,0.1,anonym,OK
1764,2022-05-24,0.1,anonym,OK
1765,2022-05-24,0.1,anonym,OK
1766,2022-05-24,0.1,anonym,OK
1767,2022-05-24,0.1,anonym,OK
1768,2022-05-24,0.1,anonym,OK
1769,2022-05-24,0.1,anonym,OK
1770,2022-05-24,0.1,anonym,OK
1771,2022-05-24,0.1,anonym,OK
1772,2022-05-24,0.1,anonym,OK
1773,2022-05-24,0.1,anonym,OK
1774,2022-05-24,0.1,anonym,OK
1775,2022-05-24,0.1,anonym,OK
1776,2022-05-24,0.1,anonym,OK
1777,2022-05-24,0.1,anonym,OK
1778,2022-05-24,0.1,anonym,OK
1779,2022-05-24,0.1,anonym,OK
1780,2022-05-24,0.1,anonym,OK
1781,2022-05-24,0.1,anonym,OK
1782,2022-05-24,0.1,anonym,OK
1783,2022-05-24,0.1,anonym,OK
1784,2022-05-24,0.1,anonym,OK
1785,2022-05-24,0.1,anonym,OK
1786,2022-05-24,0.1,anonym,OK
1787,2022-05-24,0.1,anonym,OK
1788,2022-05-24,0.1,anonym,OK
1789,2022-05-24,0.1,anonym,OK
1790,2022-05-24,0.1,anonym,OK
1791,2022-05-24,0.1,anonym,OK
1792,2022-05-24,0.1,anonym,OK
1793,2022-05-24,0.1,anonym,OK
1794,2022-05-24,0.1,anonym,OK
1795,2022-05-24,0.1,anonym,OK
1796,2022-05-24,0.1,anonym,OK
1797,2022-05-24,0.1,anonym,OK
1798,2022-05-24,0.1,anonym,OK
1799,2022-05-24,0.1,anonym,OK
1800,2022-05-24,0.1,anonym,OK
1801,2022-05-24,0.1,anonym,OK
1802,2022-05-24,0.1,anonym,OK
1803,2022-05-24,0.1,anonym,OK
1804,2022-05-24,0.1,anonym,OK
1805,2022-05-24,0.1,anonym,OK
1806,2022-05-24,0.1,anonym,OK
1807,2022-05-24,0.1,anonym,OK
1808,2022-05-24,0.1,anonym,OK
1809,2022-05-24,0.1,anonym,OK
1810,2022-05-24,0.1,anonym,OK
1811,2022-05-24,0.1,anonym,OK
1812,2022-05-24,0.1,anonym,OK
1813,2022-05-24,0.1,anonym,OK
1814,2022-05-24,0.1,anonym,OK
1815,2022-05-24,0.1,anonym,OK
1816,2022-05-24,0.1,anonym,OK
1817,2022-05-24,0.1,anonym,OK
1818,2022-05-24,0.1,anonym,OK
1819,2022-05-24,0.1,anonym,OK
1820,2022-05-24,0.1,anonym,OK
1821,2022-05-24,0.1,anonym,OK
1822,2022-05-24,0.1,anonym,OK
1823,2022-05-24,0.1,anonym,OK
1824,2022-05-24,0.1,anonym,OK
1825,2022-05-24,0.1,anonym,OK
1826,2022-05-24,0.1,anonym,OK
1827,2022-05-24,0.1,anonym,OK
1828,2022-05-24,0.1,anonym,OK
1829,2022-05-24,0.1,anonym,OK
1830,2022-05-24,0.1,anonym,OK
1831,2022-05-24,0.1,anonym,OK
1832,2022-05-24,0.1,anonym,OK
1833,2022-05-24,0.1,anonym,OK
1834,2022-05-24,0.1,anonym,OK
1835,2022-05-24,0.1,anonym,OK
1836,2022-05-24,0.1,anonym,OK
1837,2022-05-24,0.1,anonym,OK
1838,2022-05-24,0.1,anonym,OK
1839,2022-05-24,0.1,anonym,OK
1840,2022-05-24,0.2,anonym,OK
1841,2022-05-24,0.1,branko,OK
1842,2022-05-24,0.1,branko,OK
1843,2022-05-24,0.1,anonym,OK
1844,2022-05-24,0.1,anonym,OK
1845,2022-05-24,0.1,anonym,OK
1846,2022-05-24,0.1,branko,OK
1847,2022-05-24,0.1,branko,OK
1848,2022-05-24,0.1,branko,OK
1849,2022-05-24,0.1,branko,OK
1850,2022-05-24,0.1,branko,OK
1851,2022-05-24,0.1,"Pozname sa",OK
1852,2022-05-24,0.1,branko,OK
1853,2022-05-24,0.2,asdsfgadfg,OK
1854,2022-05-24,0.1,anonym,OK
1855,2022-05-24,0.1,branko,OK
1856,2022-05-24,0.1,branko,OK
1857,2022-05-24,-0.5,anonym,OK
1858,2022-05-24,0.1,branko,OK
1859,2022-05-24,-0.5,anonym,OK
1860,2022-05-24,0.5,anonym,OK
1861,2022-05-24,0.5,anonym,OK
1862,2022-05-24,-0.5,anonym,OK
1863,2022-05-24,-0.5,anonym,OK
1864,2022-05-24,0.5,anonym,OK
1865,2022-05-24,0.1,Andrej,OK
1866,2022-05-24,0.3,anonym,OK
1867,2022-05-24,-0.3,anonym,OK
1868,2022-05-24,0.1,prvy,OK
1869,2022-05-24,0.1,druhy,OK
1870,2022-05-24,0.2,anonym,OK
1871,2022-05-24,0.5,aaaa,OK
1872,2022-05-24,0.5,hhh,OK
1873,2022-05-24,0.1,asdasd,OK
1874,2022-05-24,0.5,ggvgv,OK
1875,2022-05-24,0.1,anonym,OK
1876,2022-05-24,0.2,anonym,OK
1877,2022-05-24,0.5,branko,OK
1878,2022-05-24,0.5,branko,OK
1879,2022-05-24,0.1,anonym,OK
1880,2022-05-24,0.1,bra,OK
1881,2022-05-24,0.1,anonym,OK
1882,2022-05-24,0.5,anonym,OK
1883,2022-05-24,0.5,anonym,OK
1884,2022-05-24,0.5,anonym,OK
1885,2022-05-24,0.1,branko,OK
1886,2022-05-24,0.5,anonym,OK
1887,2022-05-24,0.5,anonym,OK
1888,2022-05-24,0.1,branko,OK
1889,2022-05-24,0.5,anonym,OK
1890,2022-05-24,0.1,branko,OK
1891,2022-05-24,0.5,anonym,OK
1892,2022-05-24,0.1,Andrej,OK
1893,2022-05-24,0.1,"Pozname sa",OK
1894,2022-05-24,0.5,Bakalarka,OK
1895,2022-05-24,0.5,anonym,OK
1896,2022-05-24,0.5,anonym,OK
1897,2022-05-24,0.5,branko,OK
1898,2022-05-24,0.5,branko,OK
1899,2022-05-24,0.5,branko,OK
1900,2022-05-24,0.5,anonym,OK
1901,2022-05-24,0.5,Linda,OK
1902,2022-05-24,0.1,asad,OK
1903,2022-05-24,0.5,anonym,OK
1904,2022-05-24,0.5,anonym,OK
1905,2022-05-24,0.5,anonym,OK
1906,2022-05-24,0.5,anonym,OK
1907,2022-05-24,0.5,anonym,OK
1908,2022-05-24,0.5,Linda,OK
1909,2022-05-24,0.5,anonym,OK
1910,2022-05-24,-0.5,Linda,OK
1911,2022-05-24,0.1,anonym,OK
1912,2022-05-24,0.4,anonym,OK
1913,2022-05-24,0.2,anonym,OK
1914,2022-05-24,0.2,anonym,OK
1915,2022-05-24,0.2,anonym,OK
1916,2022-05-24,0.2,anonym,OK
1917,2022-05-24,0.2,anonym,OK
1918,2022-05-24,0.2,anonym,OK
1919,2022-05-24,0.1,anonym,OK
1920,2022-05-24,0.2,anonym,OK
1921,2022-05-24,0.2,anonym,OK
1922,2022-05-24,0.5,anonym,OK
1923,2022-05-24,-8,Linda,OK
1924,2022-05-24,0.1,anonym,OK
1925,2022-05-24,0.1,anonym,OK
1926,2022-05-25,0.1,anonym,OK
1927,2022-05-25,0.5,anonym,OK
1928,2022-05-25,-0.5,anonym,OK
1929,2022-05-25,0.5,anonym,OK
1930,2022-05-25,0.5,anonym,OK
1931,2022-05-25,0.5,anonym,OK
1932,2022-05-25,0.5,anonym,OK
1933,2022-05-25,0.5,anonym,OK
1934,2022-05-25,0.5,anonym,OK
1935,2022-05-25,0.5,anonym,OK
1936,2022-05-25,0.5,anonym,OK
1937,2022-05-25,-0.5,anonym,OK
1938,2022-05-25,0.5,anonym,OK
1939,2022-05-25,0.1,anonym,OK
1940,2022-05-25,0.5,anonym,OK
1941,2022-05-25,0.5,asd,OK
1942,2022-05-25,0.5,asd,OK
1943,2022-05-25,0.5,asd,OK
1944,2022-05-25,0.5,anonym,OK
1945,2022-05-25,-0.5,anonym,OK
1946,2022-05-25,0.5,asd,OK
1947,2022-05-25,0.5,anonym,OK
1948,2022-05-25,0.5,aasd,OK
1949,2022-05-25,0.5,asdasdasd,OK
1950,2022-05-25,0.5,asdasdasdasd,OK
1951,2022-05-25,0.5,asdasdasdddddddddddd,OK
1952,2022-05-25,0.5,anonym,OK
1953,2022-05-25,0.2,anonym,OK
1954,2022-05-25,0.5,anonym,OK
1955,2022-05-25,0.5,asdasdasd,OK
1956,2022-05-25,0.5,anonym,OK
1957,2022-05-25,-0.5,branko,OK
1958,2022-05-25,0.5,anonym,OK
1959,2022-05-25,0.5,anonym,OK
1960,2022-05-25,0.5,anonym,OK
1961,2022-05-25,0.2,anonym,OK
1962,2022-05-25,0.5,anonym,OK
1963,2022-05-25,0.5,anonym,OK
1964,2022-05-25,0.5,anonym,OK
1965,2022-05-25,0.5,anonym,OK
1966,2022-05-25,-0.5,anonym,OK
1967,2022-05-25,0.5,anonym,OK
1968,2022-05-25,0.5,anonym,OK
1969,2022-05-25,0.5,anonym,OK
1970,2022-05-25,0.5,anonym,OK
1971,2022-05-25,0.5,anonym,OK
1972,2022-05-25,0.5,anonym,OK
1973,2022-05-25,0.5,anonym,OK
1974,2022-05-25,0.5,anonym,OK
1975,2022-05-25,0.5,anonym,OK
1976,2022-05-25,0.5,anonym,OK
1977,2022-05-25,0.5,anonym,OK
1978,2022-05-25,0.5,anonym,OK
1979,2022-05-25,0.5,anonym,OK
1980,2022-05-25,0.5,anonym,OK
1981,2022-05-25,0.5,anonym,OK
1982,2022-05-25,0.5,anonym,OK
1983,2022-05-25,0.5,anonym,OK
1984,2022-05-25,0.5,anonym,OK
1985,2022-05-25,0.5,anonym,OK
1986,2022-05-25,0.5,anonym,OK
1987,2022-05-25,-0.5,anonym,OK
1988,2022-05-25,-0.5,anonym,OK
1989,2022-05-25,-0.5,anonym,OK
1990,2022-05-25,0.5,branko,OK
1991,2022-05-25,-0.5,anonym,OK
1992,2022-05-25,-0.5,anonym,OK
1993,2022-05-25,-0.5,anonym,OK
1994,2022-05-25,0.5,anonym,OK
1995,2022-05-25,-0.5,anonym,OK
1996,2022-05-25,-0.5,anonym,OK
1997,2022-05-25,0.5,anonym,OK
1998,2022-05-25,-0.5,anonym,OK
1999,2022-05-25,-0.2,anonym,OK
2000,2022-05-25,0.5,anonym,OK
2001,2022-05-25,0.5,anonym,OK
2002,2022-05-25,0.5,anonym,OK
2003,2022-05-25,0.5,anonym,OK
2004,2022-05-25,0.5,anonym,OK
2005,2022-05-25,-0.5,anonym,OK
2006,2022-05-25,0.5,anonym,OK
2007,2022-05-25,0.5,anonym,OK
2008,2022-05-25,0.5,anonym,OK
2009,2022-05-25,-0.5,anonym,OK
2010,2022-05-25,0.5,anonym,OK
2011,2022-05-25,-0.5,anonym,OK
2012,2022-05-25,0.5,anonym,OK
2013,2022-05-25,-0.5,anonym,OK
2014,2022-05-25,-0.5,anonym,OK
2015,2022-05-25,-0.5,anonym,OK
2016,2022-05-25,-0.5,anonym,OK
2017,2022-05-25,0.5,anonym,OK
2018,2022-05-25,0.5,anonym,OK
2019,2022-05-25,2+2,anonym,OK
2020,2022-05-25,0.5,,OK
2021,2022-05-25,-0.5,anonym,OK
2022,2022-05-25,0.5,anonym,OK
2023,2022-05-25,0.5,anonym,OK
2024,2022-05-25,0.5,anonym,OK
2025,2022-05-25,-0.5,anonym,OK
2026,2022-05-25,0.5,Andrej,OK
2027,2022-05-25,0.5,Bakalarka,OK
2028,2022-05-25,0.5,anonym,OK
2029,2022-05-25,0.5,anonym,OK
2030,2022-05-25,0.5,anonym,OK
2031,2022-05-25,0.5,anonym,OK
2032,2022-05-25,0.5,anonym,OK
2033,2022-05-25,0.5,anonym,OK
2034,2022-05-25,0.5,anonym,OK
2035,2022-05-25,0.5,anonym,OK
2036,2022-05-25,-0.5,anonym,OK
2037,2022-05-25,-0.5,anonym,OK
2038,2022-05-25,-0.2,anonym,OK
2039,2022-05-25,-0.1,anonym,OK
2040,2022-05-25,0.1,anonym,OK
2041,2022-05-25,0.2,anonym,OK
2042,2022-05-25,0.5,anonym,OK
2043,2022-05-25,0.5,anonym,OK
2044,2022-05-25,0.5,anonym,OK
2045,2022-05-25,-0.5,anonym,OK
2046,2022-05-25,-0.5,anonym,OK
2047,2022-05-25,0.5,anonym,OK
2048,2022-05-25,-0.5,anonym,OK
2049,2022-05-25,0.5,anonym,OK
2050,2022-05-25,-0.5,anonym,OK
2051,2022-05-25,-0.5,anonym,OK
2052,2022-05-25,0.5,anonym,OK
2053,2022-05-25,0.5,anonym,OK
2054,2022-05-25,-0.5,anonym,OK
2055,2022-05-25,-0.5,anonym,OK
2056,2022-05-25,0.5,anonym,OK
2057,2022-05-25,-0.5,anonym,OK
2058,2022-05-25,0.5,anonym,OK
2059,2022-05-25,-0.5,anonym,OK
2060,2022-05-25,0.5,anonym,OK
2061,2022-05-25,0.5,anonym,OK
2062,2022-05-25,-0.5,anonym,OK
2063,2022-05-25,0.5,anonym,OK
2064,2022-05-25,0.5,anonym,OK
2065,2022-05-25,-0.5,anonym,OK
2066,2022-05-25,-0.5,anonym,OK
2067,2022-05-25,0.5,anonym,OK
2068,2022-05-25,0.5,anonym,OK
2069,2022-05-25,0.5,anonym,OK
2070,2022-05-25,-0.5,anonym,OK
2071,2022-05-25,-0.5,anonym,OK
2072,2022-05-25,-0.5,anonym,OK
2073,2022-05-25,-0.5,anonym,OK
2074,2022-05-25,-0.5,anonym,OK
2075,2022-05-25,0.1,askdoaksodkaoskdoaksdoasd,OK
2076,2022-05-25,-0.5,anonym,OK
2077,2022-05-25,0.5,anonym,OK
2078,2022-05-25,-0.5,anonym,OK
2079,2022-05-25,0.5,anonym,OK
2080,2022-05-25,-0.5,anonym,OK
2081,2022-05-25,-0.5,anonym,OK
2082,2022-05-25,0.5,anonym,OK
2083,2022-05-25,-0.5,anonym,OK
2084,2022-05-25,-0.5,anonym,OK
2085,2022-05-25,-0.5,anonym,OK
2086,2022-05-25,-0.5,anonym,OK
2087,2022-05-25,-0.5,anonym,OK
2088,2022-05-25,0.5,anonym,OK
2089,2022-05-25,-0.5,anonym,OK
2090,2022-05-25,-0.5,anonym,OK
2091,2022-05-25,-0.5,anonym,OK
2092,2022-05-25,-0.5,anonym,OK
2093,2022-05-25,-0.5,anonym,OK
2094,2022-05-25,0.5,anonym,OK
2095,2022-05-25,0.5,anonym,OK
2096,2022-05-25,-0.5,anonym,OK
2097,2022-05-25,0.5,anonym,OK
2098,2022-05-25,-0.5,anonym,OK
2099,2022-05-25,0.5,anonym,OK
2100,2022-05-25,22+2,anonym,OK
2101,2022-05-25,0.5,anonym,OK
2102,2022-05-25,0.5,anonym,OK
2103,2022-05-25,-0.5,anonym,OK
2104,2022-05-25,0.5,anonym,OK
2105,2022-05-25,-0.5,anonym,OK
2106,2022-05-25,0.5,anonym,OK
2107,2022-05-25,-0.5,anonym,OK
2108,2022-05-25,0.5,anonym,OK
2109,2022-05-25,0.5,anonym,OK
2110,2022-05-25,-0.5,anonym,OK
2111,2022-05-25,-0.5,anonym,OK
2112,2022-05-25,-0.5,anonym,OK
2113,2022-05-25,-0.5,anonym,OK
2114,2022-05-25,0.5,anonym,OK
2115,2022-05-25,-0.5,anonym,OK
2116,2022-05-25,-0.5,anonym,OK
2117,2022-05-25,0.5,anonym,OK
2118,2022-05-25,-0.5,anonym,OK
2119,2022-05-25,0.5,anonym,OK
2120,2022-05-25,-0.5,anonym,OK
2121,2022-05-25,-0.5,anonym,OK
2122,2022-05-25,0.5,anonym,OK
2123,2022-05-25,-0.5,anonym,OK
2124,2022-05-25,0.5,anonym,OK
2125,2022-05-25,-0.5,anonym,OK
2126,2022-05-25,-0.5,anonym,OK
2127,2022-05-25,0.5,anonym,OK
2128,2022-05-25,-0.2,anonym,OK
2129,2022-05-25,-0.5,anonym,OK
2130,2022-05-25,0.5,anonym,OK
2131,2022-05-25,0.5,anonym,OK
2132,2022-05-25,-0.5,anonym,OK
2133,2022-05-25,-0.5,anonym,OK
2134,2022-05-25,-0.5,anonym,OK
2135,2022-05-25,0.5,anonym,OK
2136,2022-05-25,-0.2,anonym,OK
2137,2022-05-25,0.5,anonym,OK
2138,2022-05-25,-0.5,anonym,OK
2139,2022-05-25,-0.5,anonym,OK
2140,2022-05-25,-0.5,anonym,OK
2141,2022-05-25,0.5,anonym,OK
2142,2022-05-25,-0.5,anonym,OK
2143,2022-05-25,-0.5,anonym,OK
2144,2022-05-25,-0.5,anonym,OK
2145,2022-05-25,-0.5,anonym,OK
2146,2022-05-25,0.5,anonym,OK
2147,2022-05-25,-0.5,anonym,OK
2148,2022-05-25,-0.5,anonym,OK
2149,2022-05-25,-0.5,anonym,OK
2150,2022-05-25,-0.5,anonym,OK
2151,2022-05-25,-0.5,anonym,OK
2152,2022-05-25,-0.5,anonym,OK
2153,2022-05-25,-0.5,anonym,OK
2154,2022-05-25,-0.5,anonym,OK
2155,2022-05-25,0.5,anonym,OK
2156,2022-05-25,0.5,anonym,OK
2157,2022-05-25,0.5,anonym,OK
2158,2022-05-25,0.5,anonym,OK
2159,2022-05-25,0.1,merynka,OK
2160,2022-05-25,0.1,merynka,OK
2161,2022-05-25,0.5,merynocka,OK
2162,2022-05-25,1+1,anonym,OK
2163,2022-05-25,1+1,anonym,OK
2164,2022-05-25,22+2,anonym,OK
2165,2022-05-25,0.5,anonym,OK
2166,2022-05-25,22+2,anonym,OK
2167,2022-05-25,0.5,miska,OK
2168,2022-05-25,0.5,anonym,OK
2169,2022-05-25,0.2,anonym,OK
2170,2022-05-25,0.2,anonym,OK
2171,2022-05-25,0.5,anonym,OK
2172,2022-05-25,0.5,anonym,OK
2173,2022-05-25,0.5,anonym,OK
2174,2022-05-25,0.5,anonym,OK
2175,2022-05-25,0.5,anonym,OK
2176,2022-05-25,0.5,anonym,OK
2177,2022-05-25,0.5,anonym,OK
2178,2022-05-25,0.5,anonym,OK
2179,2022-05-25,0.5,anonym,OK
2180,2022-05-25,0.5,anonym,OK
2181,2022-05-25,0.5,anonym,OK
2182,2022-05-25,0.5,anonym,OK
2183,2022-05-25,0.5,miska,OK
2184,2022-05-25,0.5,anonym,OK
2185,2022-05-25,0.5,wtgseuo,OK
2186,2022-05-25,0.5,anonym,OK
2187,2022-05-25,0.5,anonym,OK
2188,2022-05-25,-0.5,anonym,OK
2189,2022-05-25,0.5,anonym,OK
2190,2022-05-25,0.5,anonym,OK
2191,2022-05-25,0.5,anonym,OK
2192,2022-05-25,0.5,anonym,OK
2193,2022-05-25,0.5,anonym,OK
2194,2022-05-25,0.5,anonym,OK
2195,2022-05-25,0.5,anonym,OK
2196,2022-05-25,0.5,anonym,OK
2197,2022-05-25,0.5,anonym,OK
2198,2022-05-25,0.5,anonym,OK
2199,2022-05-25,0.5,anonym,OK
2200,2022-05-25,0.5,ja,OK
2201,2022-05-25,0.5,ja,OK
2202,2022-05-25,0.5,anonym,OK
